{"cameraMode":{"drawMode":0,"name":"Shaded","section":"Shading Mode"},"sceneLighting":true,"audioPlay":false,"sceneViewState":{"m_AlwaysRefresh":false,"showFog":true,"showSkybox":true,"showFlares":true,"showImageEffects":true,"showParticleSystems":true,"showVisualEffectGraphs":true,"m_FxEnabled":true},"in2DMode":false,"pivot":{"x":-1.0507228374481202,"y":-6.151140213012695,"z":29.678647994995118},"rotation":{"x":-0.15845805406570435,"y":-0.04733186587691307,"z":0.007608321961015463,"w":-0.9862256050109863},"size":14.163467407226563,"orthographic":false}