{"cameraMode":{"drawMode":0,"name":"Shaded","section":"Shading Mode"},"sceneLighting":false,"audioPlay":false,"sceneViewState":{"m_AlwaysRefresh":false,"showFog":true,"showSkybox":false,"showFlares":true,"showImageEffects":true,"showParticleSystems":true,"showVisualEffectGraphs":true,"m_FxEnabled":true},"in2DMode":false,"pivot":{"x":13.71847915649414,"y":0.4969370365142822,"z":2.407132625579834},"rotation":{"x":-0.19091391563415528,"y":-0.046501800417900088,"z":0.00908790435642004,"w":-0.9804813861846924},"size":3.542279005050659,"orthographic":false}