{"cameraMode":{"drawMode":0,"name":"Shaded","section":"Shading Mode"},"sceneLighting":true,"audioPlay":false,"sceneViewState":{"m_AlwaysRefresh":false,"showFog":true,"showSkybox":true,"showFlares":true,"showImageEffects":true,"showParticleSystems":true,"showVisualEffectGraphs":true,"m_FxEnabled":true},"in2DMode":false,"pivot":{"x":3.033031463623047,"y":11.053854942321778,"z":-12.073893547058106},"rotation":{"x":0.006752528715878725,"y":0.34158867597579958,"z":0.0024706723634153606,"w":-0.9398489594459534},"size":5.828084468841553,"orthographic":false}